"","ID","Description","GeneRatio","BgRatio","pvalue","p.adjust","qvalue","geneID","Count"
"GO:0003730","GO:0003730","mRNA 3'-UTR binding","7/85","258/18496",0.000185190920687372,0.016020070576061,0.0144040108249672,"HNRNPD/IGF2BP3/TAF15/FUS/ELAVL2/MIR212/LRPPRC",7
"GO:0070577","GO:0070577","lysine-acetylated histone binding","3/85","25/18496",0.000200250882200763,0.016020070576061,0.0144040108249672,"DPF2/ZZZ3/ZMYND8",3
"GO:0140033","GO:0140033","acetylation-dependent protein binding","3/85","25/18496",0.000200250882200763,0.016020070576061,0.0144040108249672,"DPF2/ZZZ3/ZMYND8",3
"GO:0035064","GO:0035064","methylated histone binding","4/85","80/18496",0.000503620344431248,0.0265481308414018,0.0238700299231902,"KMT2E/DPF2/ZZZ3/ZMYND8",4
"GO:0140034","GO:0140034","methylation-dependent protein binding","4/85","82/18496",0.00055308605919587,0.0265481308414018,0.0238700299231902,"KMT2E/DPF2/ZZZ3/ZMYND8",4
"GO:0001228","GO:0001228","DNA-binding transcription activator activity, RNA polymerase II-specific","8/85","471/18496",0.00144370360188652,0.0477468842441799,0.0429303125879688,"PAX5/PLAG1/PHOX2B/GSX1/MITF/EGR3/CASZ1/HOXC4",8
"GO:0001216","GO:0001216","DNA-binding transcription activator activity","8/85","475/18496",0.0015228529673953,0.0477468842441799,0.0429303125879688,"PAX5/PLAG1/PHOX2B/GSX1/MITF/EGR3/CASZ1/HOXC4",8
"GO:0140030","GO:0140030","modification-dependent protein binding","5/85","184/18496",0.00159156280813933,0.0477468842441799,0.0429303125879688,"KMT2E/DPF2/ZZZ3/TAB2/ZMYND8",5
